id,category,text
1,3_stars_manual,"Здравствуйте, уважаемые читатели! Иногда по пятницам я заказываю обед или ужин в кафе или ресторанах. В основном это пицца или роллы. Стараюсь оформлять заказы в проверенных местах, но иногда хочется попробовать и что-то новенькое. Месяц назад впервые воспользовалась сетью доставкой суши и роллов ""Ёбидоёби"". Заказывала небольшой сет, состоящий из трех горячих роллов. Обед тогда очень понравился. Все привезли свежее и теплое. Вот и в эту пятницу захотелось роллов. Заказ оформила в Ёбидоёби"". Сетов представлено большое количество. Я долго не могла выбрать что-то конкретное. Решила оставить выбор на сете ""Ма сик"". Он состоит из 6 видов роллов по 8 штук. Заказ оформила примерно в 19:00, привезли в 20:00. Отслеживать заказ можно было в приложении. Это удобно. Курьер приехал и позвонил. Сказали, что ждут у подъезда. Я с таким встречаюсь впервые. Всегда заказы поднимали до квартиры. Я была одна дома с ребенком и для меня такой вариант неприемлем. Внутри лежало два набора, состоящих из палочек, салфетки, зубочистки и леденцы. Привезли две коробки. В каждой по два ролла. Странно. Ведь я заказывала 6. В эту же минуту пишу в службу поддержки, скидываю фотографии. Ведь я заказывала на всю семью, а этого количества мало. Я ждала ответ минут 15, но его так и не было. Хотя написано, что время ожидания оператора составляет несколько минут. Начала звонить. Искала местный номер, а он единый и действует на все регион России. Я ждала ответ минут 5. Потом позвонила снова, еще прождала 10 минут. Периодически заглядывала в чат. Ответа так и не было. Снова позвонила, уже прошел час. Этот раз успешно, сказали что будут разбираться. Через некоторое время пришло сообщение в чате, что мне перезвонит администратор. Мне перезвонили, я объяснила, что привезли на два ролла меньше и судя по всему заказ не мой, хотя чек с моим адресом. Вот мне объяснили что произошла путаница. Прикрепили мой чек на чужой пакет, а сам пакет уехал к другим людям. Пообещали приготовить два ролла и мне довезти в течение 30 минут. Прошло 30 минут, так ничего и не привезли. Прошел еще час. Я уже поняла, что никто ничего не привезет. Я легла спать. В 00:15 был звонок в домофон, привезли сет. Могли бы позвонить несколько часов назад и предупредить. Ошибку исправили привезли сет полностью. Я убрала в холодильник. Утром стала смотреть. На сайте выглядят роллы аккуратнее и аппетитнее. Видно люди уже устали м заморачиваться не стали. Мол один сет бесплатным оказался. Теперь покажу как выглядят роллы. Оба сета. Внешний вид не очень. Особенно у ролла с икрой. Сами роллы. В некоторых роллах риса достаточно много. Многие просто разваливались. Хотя я ела палочками. В этот раз роллы мне не понравились как внешне, так и по вкусу. Казалось бы, как можно испортить Филадельфию, а как оказалось можно. Рыба почему-то безвкусная. Хотя ее приличное количество. При оформлении заказа на моем бонусном счету было 370 баллов. Я хотела их списать, но так и не нашла где. Делала несколько попыток. Обычно после заказа перезванивает оператор, но тут звонка так и не было. Я хотела попросить списать баллы. Но увы. Вывод Скорее всего, в данной компании я больше не буду заказывать роллы. Понятно, что ошибаются все. Но могли бы позвонить из местного филиала и извиниться. Я не претендовала на полный сет, но ждала небольшую компенсацию или доставку двух роллов. Звонка не было и решили исправит ошибку в конце смены. В первом часу ночи сет был мне уже не нужен и отправился в холодильник. Где горячие роллы остыли и стали невкусными. В общем вечер пятницы был испорчен. Чужой сет стоял на столе несколько часов. Как только поняла, что ситуация неразрешима, то решили его съесть. Горячие роллы были холодными. Да и ели их уже без удовольствия. Заказывать или нет, решать вам. Благодарю за внимание!"
2,2_stars_manual,"Привет любителям японской кухни и нашего повсеместного подобия на нее!)) Сегодня поговорим о нашумевшей на всю Россию доставки суши и ролов ""Ёбидоёби"". Естественно - эта фишка была больше задумана для современного поколения, которое обладает чувством юмора и способно экспериментировать. Данная сеть работает практически по всей нашей стране. Переходя на сайт, можно ввести ваш город и проверить, есть ли он в данном месте. А дальше все как у всех... Меню на сеты (наборы), отдельные ролы - горячие, холодные и горячая кухня, рис, лапша, курица и т.д. Долго на этом останавливаться не буду. Хочется больше уделить внимание качеству и сервису и продукции данной компании. ✔️ ПРО ЗАКАЗ ✔️ Коротая вечер ленивой пятницы, реши с мужем заказать сет, выбирая - подняли себе настроение. Ведь некоторые названия нецензурно завуалировали, но так, что ничего и не скрыли... ""Чпо Ки"", ""Куни Ли"", ""БиЧ"", ""Си Сяке "" есть там и нормальные, но они есть у вех. Так что мы решили попробовать, то чего еще не пробовали и выбрали сет под названием ""ЁбиСуёби"". Доставка относительно недолгая в течении часа и курьер пунктуально довез наш заказ ровно через час, что не могло не порадовать. Оплатить можно картой при получении или наличкой или сразу на сайте. Свой заказ получили вот в таком крафтовом пакете. К нему же был прилеплен чек и контроль-качество наклейка, а так же куар код на приложение. Открыть его не получится, т.к. везде скобы от степлера... проще разорвать, что мы и сделали. И та-дам видим все что заказали. Вроде все норм на первый взгляд. Так красиво и аккуратно стоит. Имбирь, васаби и соевый соус в отдельных пластиковых контейнерах с фирменным оформлением. Палочки тоже выглядят неплохо и по качеству норм - не самые дешевые. ✔️ ПРО ЦЕНУ ✔️ Здесь все интересно, пожалуй это первые ролы в которых за имбирь, васаби и соевый соус приходится платить отдельно... Имбирь 1 шт 25 гр. из которых больше воды стоит 60 руб. Я любитель и мне 3 банок не хватило, проще в магазике купить большую банку. Можно взять набором: васаби+имбирь+соевый соус - итого 90 рублей. Короче специи проще иметь у себя в холодосе, если любите. А для тех, кто этим не болеет, тем такое дело понравится Сам сет ""ЁбиСуёби"" стоит 1333 руб. Вес: 1110 гр., всего в него входит 5 видов ролов по 8 штук итого 40 штук. Плюс специи и наш заказ вышел на 1500 руб. При покупке от 1500 руб бонусом шел подарочный ""Цезарь рол"" за 190 руб. ✔️ ОЖИДАНИЕ РЕАЛЬНОСТЬ ✔️ Открываем мы наши ролы и не понимаем где что... Подарочный рол запихали в общую массу, хотя должен идти отдельно от основного сета. Оказался еще и с луком который муж на дух не переносит - это называется второе впечатление. А вот вам первое - это действительно ""ЁбиСуёби"", т.к. нормальные суши так не выглядят... Что с ними произошло и на какой стадии? 😳 Буд-то летали по контейнеру во все стороны. Причем это касается только тех ролов, которые были в черном контейнер, остальные из бумажного, доехали в целости и сохранности. Вот так выглядит сет на картинке, а так на нашем столе. Причем с подарочным ролом, которого на картинке сайта в сете нет. Идем дальше! Что с шапочкой? Почему на картинке она нормальная полноценная, а у нас какой-то чесночный майонез намазан тоненькой колбаской - так я и сама могла! Горячие ролы - были еле теплые, хотя курьер при нас достал пакет из термосумки. Покажу каждый рол отдельно в сравнении с тем что представлено на сайте. Жесть ребята, я чес слово с таким сталкиваюсь впервые! Похабная подача, сильное расхождение того, что на сайте и то, что получили. ОБЩЕЕ ВПЕЧАТЛЕНИЕ Ничего особенного, совсем не удивили. Съели со словами - ""ролы как ролы"" местами было сухо. лук на любителя, чесночные специи сильно перебивали вкус всего, что было в ролах. Соотношение цена-качество, оставляет желать лучшего. У нас рядом есть малоизвестная суши-забегаловка и то вкуснее делают. А тут известная на всю страну компания с таким интересным и нестандартным подходом, а на деле ничем не удивили и только расстроили..☹️ Жаль не почитала отзывы сразу, рейтинг у них видно хромает и наш случай далеко не единичный. Заказывать в Ёбидоёби больше не будем никакие ЁбиСуёби и вам не рекомендую!"
3,1_stars_manual,"Здравствуйте! Ну что ж, вот и я решила попробовать роллы одной из самой скандальной сети доставки. Чего только я не слышала о них: сделай маникюр с логотипом и получи скидку, а если набьешь татуху, то вообще пожизненно ежемесячно будешь получать их сеты, даже было такое, что их хотели прикрыть, но видимо не вышло. 🍣 Заказ: На этом этапе все было прекрасно. Заказ можно оформить на сайте, либо в мобильном приложении. Много интересных акций, одной мы смогли воспользоваться. На первый заказ я ввела промокод и получила Калифорнию в подарок. При выборе еды меня смутил сет за 3 млн, вы серьёзно? Это такой способ привлечь внимание? Я даже ради интереса добавила в его корзину и он действительно встает за такую сумму. Но уровень офигения не знает границ, ведь на скриншоте можно увидеть что у них не только платные палочки, но и соевый соус, имбирь и васаби. Ладно последнее, но чтобы палочки были платные, это для меня впервые. А теперь самое интересное - ожидание! 🍣 Ожидание заказа: В приложении было указано, что ждать придется два часа - это очень длительное ожидание, ну ладно, подождем. Обычно перед заказом я читаю отзывы, но тут меня что-то остановило, а зря, ведь в каждом втором отзыве было обозначено, что у этой доставки очень длительное время ожидания. Подходит время доставки 22.30, заказа нет. Ну ладно, бывает, ждем дальше. В 22.50 я начала звонить, чтобы выяснить где мой заказ и почему о задержке не предупредили. И что вы думаете? Нигде нет номеров филиала, лишь единый номер по всей России и естественно что там ничего конкретного сказать не могут. Я провисела на линии три минуты, после чего мне наконец-то ответили. Слишком милый голос даже немного выводил из себя. На линии мне обещали, что со мной свяжется менеджер. Как вы думаете, связался? Конечно же нет. Время было уже 23.00, статус заказа все еще был ""В пути"". На скриншоте отчетливо видно во сколько должны были привезти, и сколько было уже время. Терпение заканчивалось, я позвонила ещё раз на горячую линию. Но там, видимо, уже спали и мне никто не ответил. Прекрасно. В приложении я увидела , что существует чат поддержки в телеграмм. Но и там меня мило продинамили все той же фразой "" я передала жалобу, с вами свяжутся "". И тут внутри меня что-то лопнуло и я пожалела о том, что оплатила заказ на сайте. Если бы не этот факт, послала бы их куда подальше и не ждала бы уже курьера! Я даже написала им в личные сообщения в вк, там мое сообщение прочитали и скромно промолчали. Да уж, вот это уровень! Сразу же после моего гневного сообщения, курьер приехал. Время было 23.20. Итого общее время ожидания составила почти три часа. Три часа!!! Даже в Москве была бы доставка намного быстрее. Что по роллам? 🍣 Заказ: Всю еду упаковывают в бумажный пакет с прикрепленным чеком. Те самые платные палочки идут в мешочке с одной салфеткой (видимо достаточно) и конфеткой. Спасибо, лучше бы положили жвачку, была бы полезнее. На пробу мы решили заказать небольшой сет под названием ""Три Цезаря"". ✔️Что нам предлагал сайт: Красивая и очень аппетитная картинка с ровной нарезкой и плотной шапочкой. А что приехало на самом деле: Как по мне, так разница очевидна! Шапочки нанесены ""на отвали"", где-то больше, где-то меньше. Роллы с оранжевой начинкой решили выложить на свой лад, ведь на картинке все выглядит совсем не так. ✔️ Я большой поклонник Филадельфии, поэтому не смогла пройти мимо и не попробовать ее. На сайте: Цена не маленькая, практически стоимость сета, поэтому хочется видеть качественный продукт. Но и тут они умудрились напортачить. Что с нарезкой? Даже я, делая роллы дома, нарезаю их намного ровнее, а в Ебисане, видимо, работают далеко не профессионалы своего дела. А как вам такое? Опытный повар бы ни за что не положил такой продукт клиенту, но тут ""И так сойдёт"". Судя по начинке, риса им точно не жалко. ✔️ Подарочная Калифорния. Что хотелось бы видеть: Это смех. Подарок было настолько жалко, что они порезали ее самой тонкой нарезкой. Разве так выглядит Калифорния? Кривая и с разной начинкой? Авокадо где-то был, а куда-то его не хватило. Здорово 👍 Спасибо что вкус не разочаровал , если бы привезли вовремя и сделали аккуратно , то вообще не было бы претензий. И кстати, все роллы, при погружении из в соус, начинали разваливаться. До Любимого Чака Нориса (Сейчас называется Ито Ито) вообще не дотягивает, но и не хуже Фудисона 🍣 Вывод: Надеюсь руководство предпримет какие-нибудь меры, ведь шанс у этой доставки есть. Рецептура блюд отличная, осталось готовить аккуратнее и доставлять быстрее, или хотя бы в обещенный срок. Пока не могу рекомендовать эту организацию, в ней нет провала только во вкусе. ​​​​​ Спасибо за внимание!"
4,3_stars_manual,"Всем привет! Про доставку суши и роллов со таким интересным названием, наверное, слышали все. Я, например, про нее очень много раз слышала, но попробовать как-то не доводилось. И вот, проезжая мимо пункта выдачи и увидев вывеску, мы с мужем решили изменить нашей любимой доставке и попробовать что-то новое. Заказ делали через приложение с самовывозом из пункта по адресу: г. Москва, ул. Красноказарменная 14А, к6 Приложение достаточно удобное, с простым дизайном, интуитивно понятное. После заказа высветилось ожидаемое время выдачи - через полчаса с момента заказа. Также отобразился степпер с тремя шагами: Заказ готовится, Готов к выдаче и Получен. Оплатить можно при получении наличными или картой. В итоге свой заказ мы получили с приличной задержкой, на 25 минут позже, чем было указано. В общем-то, в субботу вечером у всех доставок много заказов, такую задержку мы восприняли с пониманием, но хотелось бы, чтобы о таких задержках сообщали заранее и указывали реальное время сразу с учетом загруженности. Мы заказали филадельфию двух видов, парочку теплых роллов и чизкейк. Итоговые цены с учетом скидок за первый заказ и какого-то промокода можете увидеть на скриншоте. Холодные роллы были в картонных коробочках, теплые - в пластиковой. А теперь о самом важном - о вкусе! И тут нас ждало разочарование. К сожалению, я забыла сфотографировать весь заказ целиком, мы были очень голодные. Каждая порция состоит из 8 кусочков. Края у всех роллов не были обрезаны, все они скручены криво и начинки во всех откровенно мало. Филадельфия, которая числилась в разделе Премиум и стоила, на минуточку, 899 рублей без скидок, выглядит вот так. Мы много лет берем роллы в О! Суши, я писала о них отзыв больше 4 лет назад. С того момента заметно подросли цены, но качество осталось прежним. Можете посмотреть в моем отзыве, как выглядит филадельфия там. Стоит она сейчас 890 рублей. Там много сыра, хорошее соотношение риса и начинки, да и вообще очень вкусно. Ссылка на отзыв >> Ну или хотя бы Space Sushi. Да, подороже, но филадельфия там тоже выглядит и на вкус намного лучше. Ссылка на отзыв >> Ещё мы иногда заказываем роллы в Hatimaki. Там кроме японской кухни есть пицца и фастфуд, невысокие цены и доставляют быстро. Тоже всё намного вкуснее. Филадельфия ""Роял"" тоже из раздела премиум оказалась получше. Начинки там примерно столько же, также в составе есть краб с майонезом. Ролл украшен шапочкой из сыра и икрой масаго. Вот этот ролл спасает сырная шапочка. Благодаря ей не кажется, что риса слишком много, вкус более сбалансированный. Стоимость данного ролла без скидки тоже 899 рублей. Филадельфия темпура тоже ничего с учетом стоимости 453 рубля. Снова мало начинки, кляр не слишком толстый и жирный, его тоже спасает шапочка из сыра. В целом, доставку рекомендую, но при условии, что по какой-то причине нет возможности заказать в более хороших местах. Нормально, съедобно, но без особого удовольствия. Думаю, повторно заказывать роллы в данной доставке мы не будем. Некоторые роллы недорогие, но на деле они по большей части состоят из риса, баланса вкуса нет. Много вопросов к разделу премиум - роллы там явно не соответствуют своей стоимости. От меня Ёбидоёби получает тройку. Благодарю за внимание! ♥ Ваша Viktoriya_kokos ♥ ♥♥♥Подписывайтесь на мой профиль , чтобы не пропустить новые отзывы.♥♥♥"
5,1_stars_manual,"Решили как-то с семьей разнообразить вкусовые предпочтения и приятно провести вечер. Сделала я заказ на доставку в ЁбиДоеби. Заказа был оформлен через оператора в 12 часов дня. Время доставки 18.00. Я заказала сет Мэн Пэй, стоимость 1499 рублей. Оператор предупредил сразу, что соевый соус, имбирь, васаби и даже палочки не входят в заказ. Это все за дополнительную плату. Удивительно было для меня, но ладно. В 18.00 естественно, никто ничего не привез. Потом я, конечно, почитала отзывы про эту ""контору"" и поняла, что такое отношение к клиентам сплошь и рядом. Жалею, что не почитала отзывы раньше, удалось бы сберечь нервы, но что теперь об этом говорить((( В 18.15 я начала звонить оператору. Имела неосторожность озвучить роботу свою проблему, на что услышала в ответ : ""Ваш заказ задерживается, ждите. До свидания."" При повторном наборе время ожидания оператора составило почти 6 минут. Девушка оператор ничем не могла мне помочь, все писала менеджеру из нашего города. (Как я поняла у них один оператор по всей России что ли) Ей ответили, якобы в течение 5 минут курьер будет у нас. Соединить с менеджером она не могла, но обещала, что нам сейчас , как только я положу трубку перезвонят. Хорошо. Прошло еще минут 10. Никто не звонил и курьер, естественно , тоже не появился. Последующие мои звонки не увенчались успехом, просто играла музыка и никто не брал трубку. Зато с другого номера ответили в течение 30 секунд. Парадокс. Я уже была на взводе, просила хоть какую-то информацию предоставить, но увы... Время было 18.50. Я еще долго мучила оператора, и тут, наконец, позвонил менеджер. Первые ее слова ""Какие у вас проблемы?"" По пятому кругу обрисовала ситуацию, в ответ услышала, что она ничем не может помочь, где курьер не знает и, если я хочу, могу отказаться от заказа. Я отказалась от заказа, ибо нервы уже были на пределе. Но тут... В домофон позвонил курьер))) Я спросила, может в качестве извинений хотя бы скидку, но нет, ни извинений вам, ни скидки. Может быть на следующий заказ если только. Но с таким отношением ни о каком следующем заказе речи и быть не может. Это самый ужасный сервис, который я встречала. Абсолютно безразличное отношение к клиентам. Никакой клиентоориентированности, грубые операторы, а местным менеджерам вообще все равно. Разговаривают по телефону так, как будто их отвлекают от очень важных дел и вообще не видят разницу чтобы привозить заказ ко времени или задерживаться на неопределенное количество времени. Никому не рекомендую. P. S. По вкусу, кстати на троечку. Все было целое, но горячие роллы уже холодные. Авокадо горькое и деревянное, начинки мало."
23,5_stars_manual,"Всем привет! Хочу поделиться о сети доставки суши и роллов, пока еще с официальным названием Ёбидоёби , в котором частенько делаем заказы, когда хочется побаловать себя с одной стороны и уже банальным, но с другой таким вкусным блюдом. Кстати о названии компании, вполне допускается, что скоро произойдет ребрендинг, ведь: Верховный суд определил, что название противоречит требованиям статьи 1473 Гражданского кодекса РФ, то есть противоречит общественным интересам, а также принципам гуманности и морали. Создатели фирмы утверждали, что «ёби» переводится с японского языка как «день недели», а «доёби» — как «суббота». За всю историю существования фирма постоянно прибегали к провокационному маркетингу. Например, наборы роллов назывались «Куни Ли», «Си Сяке», «Большие Си». Сеть сделала наклейки на пакеты с провокационными надписями: «Твой рот давно этого ждал», «Удовлетвори свое желание двумя палками», «Пора раздвинуть ручки пакета» и прочие в таком духе. Честно говоря, меня уже давно ничего не удивляет в нашем мире, и уж тем более названия магазинов или сетей. Мне вообще все равно, главное чтобы качество устраивало, но понимаю, что это было сделано с целью маркетинга - согласитесь, запомнить его гораздо легче, чем какие-нибудь очередные суши-уши, хотя покупаю я все равно не из-за провокационного названия сети. Заказ можно делать и на официальном сайте компании, и на удобных для вас агрегаторах. Мне удобнее делать заказ через агрегатор, так как даются определенные бонусы и скидки в рамках моего тарифа. Что мне нравится при заказе - это то, что суши привозят к назначенному времени. У меня ни разу не было такого, что заказ задержали на час или около того ну бывают погрешности, но совсем незначительные. Как я понимаю, в данной компании впрок роллы никто не крутит, так как даже на срочные заказы дается 120 минут ожидания. Мне как то нужны были роллы срочно, я хотела купить уже готовые, но к сожалению из-за такого ременного промежутка пришлось пойти и купить в магазине, конечно по вкусу они явно отличались от свежеприготовленных. Зато я знаю, что мой ужин будет самым свежим. Курьер привозит суши в большом бумажном пакете с фирменной наклейкой бренда. Он даже запечатан от его любопытного носа 😜 Первым делом достаю набор с приборами и салфетками. Количество необходимых наборов указывается при заказе. В него входит 2 набора палочек, салфетки и пара конфет. Конфетки на вкус кисло-сладкие, нейтральные. Не знаю для чего они нужны, но расцениваю просто как комплимент от компании. Суши заботливо упакованы в плотно закрытые контейнеры, для того чтобы сохранился их вкус и аромат. Три из них под запечённые, поэтому находятся в контейнерах, сделанных из вспененного полистирола для сохранения тепла, а один - картонный, с фирменной картинкой бренда, в нем находятся обычные суши, которые едят охлажденными, так как начинка в них из морепродуктов. На всякий случай еще раз перетряхиваю пакет (вдруг там что-нибудь осталось) и разочарованно вздохнув убираю его под мусор подальше. Теперь покажу, что же я назаказывала. У меня в наборе было 2 сета Первый набор называется Ваху Яки Вес: 1160 г Состав: Красный дракон, Грин боши, Тори темпура, Яссай спайс, Сытый питон, Терияки маки Стоимость: 1249 рублей Для сравнения я сделала коллаж как он выглядит на сайте и в реале Не совру, если скажу, что на сайте конечно сет выглядит как то пообъемнее что-ли 🤔 и я даже пыталась найти подвох, но нет, все верно. Можно было конечно разложить их на тарелку и создать видимость, но я решила что и из контейнеров поедим. Мне так даже вкуснее. При транспортировке ничего не повредилось, не считая того, что немного отпечатались соусы на крышке А эти так и вообще как будто только с выдачи. Как их при приготовлении полили сверху соусом, так он и доехал. У второго набора не такое экзотическое название (особенно по сравнению с другими названиями сетов сети Ёбидоёби) - Хит запечённый Вес: 935 г Состав: Запечённая филадельфия с лососем, Запечённый с креветкой и угрём, Запечённая филадельфия с лососем и крабом, Веган-микс Стоимость: 1199 рублей Но к самим суши претензий нет - коробочки хорошо сохранили тепло, майонезные шапочки не развалились Ничего не развалилось, такие блюдо приятно подавать на стол и приятно есть не только в тесном семейном кругу, но и в компании. Но для нас это был просто домашний ужин, поэтому усевшись в тесном семейном кругу мы начали дегустацию. Немного расскажу про соусы. Соевый мне показался жидким и светлым. Я люблю более густые и консервированные. Если уж компания берет деньги за него дополнительно, то хотя бы разливали нормальный соус. Не понравился. Васаби острый, но какой-то мучной. И его совсем чуть в упаковке. К самим суши претензий у меня нет, поэтому мы как-то держим верность данной компании и постоянно покупаем сеты только у них. Они не разваливаются, каким способом бы их не ели - палочками Рис не разваренный, и не похож на кашу, его количество умеренно по отношению к начинке. Нет хитрости, что ешь один рис, обернутый в водоросль или посыпку Начинка свежая и разнообразная, в рыбных - реально чувствуется вкус свежей рыбы, в овощных - огурца или авокадо, в сырных - мягкий сливочный сыр. Для меня сочетание вкусов - на самом деле подобрано очень даже неплохо Запечённые не политы слоем майонеза в целях экономии, поэтому у этой компании покупать такие сеты я люблю больше всего. На некоторых даже есть хрустящие посыпки. Я особо не гурман, но мне нравится когда каждый вкус четко отличается от другого. В этих суши я это ощущаю. Мне очень нравятся сеты компании сети доставок Ёбидоёби, поэтому мне вообще без разницы как они будут называться в будущем. Если они смогут держать ту же стоимость при этом же качестве продукции, то я как и прежде буду их постоянным клиентом. Кстати о цене. Наш ужин обошелся нам в 2508 рублей на троих - двое взрослых и один подросток, который в общем уже тоже достаточно взрослый. Дорого это или нет? Ну все относительно. Учитывая то, что мы не просто поели, а объелись от пуза, и не просто еды, а вкусной еды, от которой получили много удовольствия - то вполне нормально. Особенно по сравнению с ценами в других сетях, специализирующийся на доставке суши и роллов. Есть конечно доставки и дешевле, но это сомнительная экономия, так как у меня были претензии по качеству. Поэтому я рекомендую рассмотреть сеть доставок суши и роллов Ёбидоёби , возможно вам тоже понравится и вы тоже оцените 👍"
24,1_stars_manual,"Захотелось в выходные вкусный ужин и решила заказать роллы, в новой для себя службе доставки. Неоднократно читала отрицательные отзывы и не возникало особого желания заказать. Но потом часто стала слышать от знакомых, что у них вкусные роллы. Кто знает, может филиал в Новосибирске лучше работает. Сайт красивый, легко ориентироваться, крупные фотографии, все эстетично выглядит и крайне аппетитно. Много интересных позиций. Отличный выбор сетов. Но цены явно выше в сравнении с другими популярными службами доставки. Так ещё обидно, что начинка в большинстве роллах это огурец, ну как-то не серьёзно при таких ценах. По акции к заказу на 1500 руб. ещё один ролл в подарок. Соусы докупаются отдельно, бесплатно к заказу только палочки. СЕРВИС И ДОСТАВКА Сервис по всей видимости отсутствует напрочь. Заказ я оформила на сайте, оператор не перезванивает. Время ожидания неизвестно, единственное, что было указано на сайте так это то, что время ожидания около двух с половины часов из-за большого количества заказов. А далее можно лишь наблюдать на какой стадии заказ и все. Но приняли его или нет и сколько по времени он будет готовиться и какой в очереди. Ничего не продумано и неудобно. Через 2.5 часа мой заказ так же был в статусе готовится. Серьёзно? Впервые с таким сталкиваюсь и ведь ещё нужно время на доставку. Дальше я решила посмотреть где находится филиал, чтобы примерно понять время доставки и как оказалось в 1 км от дома. По факту привезти должны были быстро, опять же, если с курьерами у них все в порядке. Ещё через 15 минут я решила сама позвонить и узнать статус заказа. Обещали, что перезвонит администратор из нужного филиала и всю информацию предоставит. Буквально за минуту до звонка статус обновился и администратор пообещала доставку уже через 5 минут. Не обманули. ВНЕШНИЙ ВИД Упаковано в крафтовый пакет, в чеке ещё есть состав к каждому роллу. Все сходится в заказе. Визуально симпатично все выглядит, красивые коробочке для роллов, горячие в термоконтейнере. Соусы в индивидуальной фирменной упаковке. Первое, что бросается в глаза это размер роллов, очень маленькие, даже, жаренные жаренные совсем небольшие. Даже хотелось их взвесить, чтоб понять, не обманули ли они. Если бы не долгое ожидание и сильное чувство голода, то проверила бы. ВКУС И ВПЕЧАТЛЕНИЯ Филадельфия . Мои самые любимые роллы, всегда беру. Особенно в последнее время они меня спасают, из-за паросмии многие продукты долгое время не могла употреблять в пищу, а красная рыба была с идеальным вкусом и запахом. Первое впечатление приятное, рыбка хорошая, с нормальным запахом, достаточно толстые ломтики, без косточек, рыба не распадается. В вот начинка так себе и это за 549 рублей, мизерное количество сыра и толстые палки зелёного лука. Я его не люблю и во многих доставках есть возможность убрать компонент из начинки, если он не устраивает, либо заменить его. Но тут нет и оператор не перезванивает. Более менее по вкусу понравились жаренные роллы. Равномерная панировка и обжарка, неплохой соус. По итогу это самые отвратительные роллы, которые я ела. Да и по весу явно уступают, на двоих получилось 6 видов вместе с подарочными и не объелись. Хотя всегда берём 5 и часто остаётся ещё на утро. Рекомендовать не буду: слишком долгая доставка, высокие цены, маленькие роллы и ужасный вкус, непрезентабельный вид некоторых продуктов, несоответствие начинки и испорченный соусу. Даже хочется выругаться ещё хуже, чем их название."
25,2_stars_manual,"Добрый день! Скандально известная доставка суши некоторое время назад добралась и до моей деревни нашего города. Любителем суши да и вообще готовой еды с доставкой я себя не считаю, но в один прекрасный субботний вечер я согласилась заказать суши у Ёбидоёби для вечерней посиделки с подругой. Я не хочу в рамках этого отзыва в очередной раз рассуждать о провокационном названии и маркетинговой стратегии компании, добавлю лишь общеизвестный факт, благодаря которому о Ёбидоёби знает вся страна. Выбирая название для службы доставки, мы постарались выделиться и запомниться Вам раз и навсегда. Иначе говоря – запасть в душу ещё до того, как наши вкуснейшие суши и роллы попадут в ваш желудок. Это был долгий путь: сотни исписанных страниц, десятки часов ожесточённых споров… И на стыках двух величайших языков появилось название – «ЁбиДоёби» [曜土曜日| Ё:би доё:би] , что в переводе с японского означает «День недели – суббота». Так пусть каждый день будет такой же энергичный и весёлый, как суббота! А символичное название вызывает улыбку у вас – молодых и активных любителей суши с отличным чувством юмора. Как сделать заказ? Как таковых ресторанов Ёбидоёби не существует, это служба доставки суши и роллов, которая является франшизой. В данный момент Ёбидоёби присутствует во многих городах России, список которых представлен на официальном сайте. Заказ можно сделать через сайт или приложение. В разделе сайта ""Доставка"" можно увидеть, что город поделен на зоны, от нахождения в которых и зависит сумма минимального заказа и время доставки. Если вы осуществляете самовывоз, то будет предоставлена скидка -10%. Мы заказывали по адресу, который находится в зоне ожидания 1,5 часов и бесплатной доставки от 500 рублей (до 500 - 160). Заказ оформляли через приложение, использовали купон на бесплатный ролл с курицей в подарок при оформлении через приложение. Выбор остановили на сете с интригующим названием ЁбиСуёби за 799 рублей. В целом ничего особенного, но нам показалось, что для первого знакомства этот вариант будет неплох. Отдельно оплачивается соевый соус, имбирь и васаби. Итоговая сумма - 879 рублей + бесплатный ролл с курицей. Набор из 5 роллов: Филадельфия лосось лайт, Калифорния темпура, Цезарь темпура, Тортилья овощная, Спейшл Нью. 1,110 г. 799 a Пищевая ценность на 100 г: Энерг. ценность 215 ккал, белки 5 г, жиры 7 г, углеводы 30 г Доставка и оплата. Статус заказа периодически обновлялся в приложении, но по сути сильно запаздывал с реальными его перемещениями. В итоге свой набор мы получили где-то через заявленные 1,5 часа, хотя время доставки, указанное в приложении, чуть ли не на час было больше. Оплачивали курьеру по карте при получении. ЗАКАЗ. Итак, что же мы получили за свои 879 рублей. Заказ находился в бумажном пакете, на котором красовалась наклейка с прикольчиком в стиле Ёбидоёби. Ну, допустим. Внутри лежало три контейнера с едой: два с сетом ЁбиСуёби, а третий с подарком. Пара одноразовых приборов и салфеток, а также зубочистка и конфетка. Соевый соус в банках, а также имбирь и васаби в ванночках. Фото из серии ОЖИДАНИЕ и РЕАЛЬНОСТЬ. Рассмотрим повнимательнее. Филадельфия и Тортилья овощная. А это все остальное: Калифорния темпура, Цезарь темпура, Спейшл Нью. И, конечно же, наш подарочный ролл с курицей. В основном меню нашла подобный ""Цезарь"", только не жареный за 125 рублей. Темпура роллы были теплыми слегка, похоже, все-таки курьер до нас добирался долго. Ну ладно, приступаем к дегустации. Начать я решила с теплых роллов и подарочного с курицей. Первое разочарование - наитвердейший авокадо в Калифорнии темпура. Хотя...а где там авокадо? Я чувствовала сплошной РИС, причем достаточно разваренный и дешевенький. Вкуса какого-то как такового не ощущалось. Конечно, эти роллы, щедро политые майонезом или соусом, в сочетании с васаби, соевым соусом и имбирем давали какой-то вкус, но сильно это положение не спасало. Особенно меня разочаровали Цезарь темпура и подарочный ролл: соус, который дает какой-то вкус, много риса и чуть-чуть полежавшей курицы. Наверное, все знают, что когда курица полежит, она приобретает своеобразный вкус, который ни с чем не спутать. В этом, я так понимаю Спейшл Нью, была какая-то рыба, но ее вкус совершенно опять же не ощущался. РИС и СОУС наше все! Сырная составляющая жидкая, опять же не впечатлила. Ну а овощную тортилью я не оценила совсем. В итоге я наелась где-то 60% от своей половины. Кое-что убрала в холодильник до утра. Холодный рис из холодильника стал еще более противненьким. Только соевый соус и васаби смогли сделать их более и мене съедобными. С соевым соусом. ИТОГ. Когда я ела еще свежие роллы, меня не покидало ощущение, что я где-то что-то подобное уже встречала. В студенческие годы некоторые мои друзья баловались тем, что накрывали бюджетную поляну с самонакрученными роллами. Один огурец, несколько крабовых палочек или колбасы, чуть-чуть недорогой слабосоленой рыбки (не всегда, крабовыми палочками вполне можно обойтись!), ВЕЗДЕСУЩИЙ рис...Из этого накручивались кривенькие роллы, но это было неважно...Чуть соевого соуса на стол и прекрасная закуска для студенческой тусовки готова! Только одно слово приходило на ум - НАЖОРИСТО. Мы же ели не голый рис с крабовыми палками, а такую экзотику, как СУШИ! Вот то, что прислали нам за 800 с лишним рублей Ёбидоёби - было сродни угощению с того студенческого стола. Можно объестся, но без какого-то кайфа. Альтернативное мнение. Мой сотрапезник полностью остался сытым и довольным от предложенного Ёбидоёби угощения, ну а лично мне стало как-то даже немного жалко денег на потраченный рис и майонез. Итак, постараюсь выделить плюсы доставки Ёбидоёби: Однако, все же я больше в Ёбидоёби заказывать не буду и никому рекомендовать не могу: Вывод: ели мы суши и подешевле, и повкуснее. Ёбидоёби же это еда на уровне студенческой бюджетной тусовки, а цены на уровне приличного заведения. Не отравились, наелись и ладно. Две звезды за это Ёбидоёби от меня может получить, но рекомендовать сервис не хочу и не буду. Спасибо всем за внимание! Мои другие отзывы на общепит можно прочитать по ссылкам:"
26,5_stars_manual,"Всем привет. Как я вижу, доставка суши и роллов «ЁбиДоёби» радует далеко не во всех городах. В моём городе же, напротив - они самые вкусные, и доставляют всё в целости. Я раньше чередовала с другой доставкой роллов - Суши-Маркет (более дешёвой), но всё чаще стала отдавать предпочтение именно ЁбиДоёби, потому что всё-таки вкус на первом месте. 🔶 Заказ оформляется через сайт , или же через приложение. Я использую второе. Выбираю постоянно одни и те же полюбившиеся роллы, новинки как то не особо люблю пробовать. Если вы не любите роллы, значит вы ели не те. Невкусных действительно множество, в любых организациях. Мои любимые это: Филадельфия, Лава, Цезарь. Поэтому я выбираю наборы содержащие такие роллы. Вот казалось бы, идеальный набор. Но дорогой и есть нЕчего на двоих. На один зуб 😅.. Брали такой однажды. Поэтому чаще мы выбираем что-то из этих двух наборов: Они больше по весу и дешевле. Только в них Филадельфия-лайт (меньше рыбки), но для меня это совсем не критично. Кстати, пищевую ценность каждого набора можно посмотреть нажатием на ℹ️. И на чеке она тоже представлена. 🔶 Скидки и Акции: Скидки и акции у них не ахти. Только в день рождения действует скидка 15%. Внизу есть такая строка с подарочком. Если заказ на 1500 руб. соберется например, то в подарок будет ролл Сяке Хат, и т.д. Но тоже всё не так просто. Надо чтобы в эти 1500 руб не входили никакие акционные наборы (на сколько я помню). 🔶 Скорость и качество доставки. Зависит от праздничных дней, и дней недели. Да и от времени заказа. Ну слишком долгих задержек не было у нас. Да и город не большой. При заказе было указано время ожидания - 90 минут. В воскресенье оформила заказ в 18:05, привезли в 18:52. ( В приложении заказ закрылся позже). Доставлен заказ в отличном виде. На пакете обычно присутствуют их фирменные наклейки. Что-то в этот раз не было. Закончились может. 🔶 Мой заказ: 🔶 Специи в наборы не входят. Можно только палочки бесплатно получить. Кстати соус раньше был лучше. Нет, вкус тот же, достойный, отлично подходящий к роллам. Тот соевый, что у меня дома, как то не очень с роллами. Дело в объеме. Раньше это была удобная бутылочка, а теперь вот эта вот мисочка, которой не хватает на набор. Поэтому приходится брать две. Васаби , как всегда очень много, будто его кто-то ложками ест. Имбирь вкусный 🔶 Содержимое заказа: Горячие роллы в соответствующем контейнере. 🔶 Ожидание/реальность вполне всегда соответсует. Филадельфия не пресная, не разваливалась при поднятии её палочками. Ну и мой самый любимый ролл. И не столь сам ролл, сколько соус - Лава. Отдельно я нашла лишь такие роллы с соусом Лава. Если беру его отдельно от набор - то выбираю Лава Эби. ✅ В общем, всё как всегда вкусно, не пресно, красиво. Однозначно рекомендую эту доставку, по крайней мере, в нашем городе."
